GROUP,PACKAGE,CLASS,INSTRUCTION_MISSED,INSTRUCTION_COVERED,BRANCH_MISSED,BRANCH_COVERED,LINE_MISSED,LINE_COVERED,COMPLEXITY_MISSED,COMPLEXITY_COVERED,METHOD_MISSED,METHOD_COVERED
ticket-service,ec.edu.uteq.soporte.ticketservice.presentation.dto,CreateTicketRequest,0,18,0,0,0,1,0,1,0,1
ticket-service,ec.edu.uteq.soporte.ticketservice.presentation.dto,ApiResponse,0,19,0,0,0,2,0,2,0,2
ticket-service,ec.edu.uteq.soporte.ticketservice.presentation.dto,IncidenciaResponse,0,32,0,0,0,2,0,2,0,2
ticket-service,ec.edu.uteq.soporte.ticketservice.presentation.dto,TicketResponse,0,67,0,0,0,5,0,2,0,2
ticket-service,ec.edu.uteq.soporte.ticketservice.presentation.dto,UpdateStatusRequest,0,15,0,0,0,1,0,1,0,1
ticket-service,ec.edu.uteq.soporte.ticketservice.application,ForbiddenException,0,4,0,0,0,2,0,1,0,1
ticket-service,ec.edu.uteq.soporte.ticketservice.application,TicketNotFoundException,0,6,0,0,0,2,0,1,0,1
ticket-service,ec.edu.uteq.soporte.ticketservice.application,TicketAuthorization,0,75,2,20,0,20,2,13,0,4
ticket-service,ec.edu.uteq.soporte.ticketservice.application,TicketWriter,0,36,0,0,0,10,0,3,0,3
ticket-service,ec.edu.uteq.soporte.ticketservice.application,TicketQueryService,0,104,0,20,0,27,0,14,0,4
ticket-service,ec.edu.uteq.soporte.ticketservice.infrastructure.scheduling,EscalationScheduler,0,120,1,7,0,32,1,8,0,5
ticket-service,ec.edu.uteq.soporte.ticketservice.infrastructure.scheduling,EscalationLoggingObserver,0,16,0,0,0,4,0,3,0,3
ticket-service,ec.edu.uteq.soporte.ticketservice.infrastructure.metrics,EscalationMetricsObserver,0,18,0,0,0,8,0,2,0,2
ticket-service,ec.edu.uteq.soporte.ticketservice.infrastructure.metrics,HttpMetricsFilter,0,101,0,2,0,20,0,4,0,3
ticket-service,ec.edu.uteq.soporte.ticketservice.infrastructure.metrics,RepositoryTimingAspect,0,19,0,0,0,6,0,2,0,2
ticket-service,ec.edu.uteq.soporte.ticketservice.infrastructure.metrics,CrdbMetrics,1,58,1,3,0,20,1,5,0,4
ticket-service,ec.edu.uteq.soporte.ticketservice.presentation,TicketController,0,123,0,2,0,27,0,7,0,6
ticket-service,ec.edu.uteq.soporte.ticketservice.presentation,GlobalExceptionHandler,0,66,0,0,0,15,0,8,0,8
ticket-service,ec.edu.uteq.soporte.ticketservice.presentation,IncidenciaController,0,27,0,2,0,8,0,3,0,2
ticket-service,ec.edu.uteq.soporte.ticketservice.domain.correlation,SinCorrelacionStrategy,0,18,0,0,0,7,0,2,0,2
ticket-service,ec.edu.uteq.soporte.ticketservice.domain.correlation,ZonaVentanaTelemetriaStrategy,4,71,0,2,0,19,1,6,1,5
ticket-service,ec.edu.uteq.soporte.ticketservice.domain.correlation,ZonaVentanaStrategy,0,53,0,0,0,13,0,6,0,6
ticket-service,ec.edu.uteq.soporte.ticketservice.infrastructure.config,DomainBeansConfig,43,0,0,0,10,0,10,0,10,0
ticket-service,ec.edu.uteq.soporte.ticketservice.infrastructure.security,AuthGatewayFilter,0,181,2,14,0,40,2,12,0,6
ticket-service,ec.edu.uteq.soporte.ticketservice.infrastructure.security,ValidateResponse,0,15,0,0,0,1,0,1,0,1
ticket-service,ec.edu.uteq.soporte.ticketservice.infrastructure.security,AuthGatewayFilter.new ParameterizedTypeReference() {...},0,3,0,0,0,1,0,1,0,1
ticket-service,ec.edu.uteq.soporte.ticketservice.domain,Incidencia.IncidenciaBuilder,16,52,0,2,0,1,1,8,1,7
ticket-service,ec.edu.uteq.soporte.ticketservice.domain,Priority,0,27,0,0,0,5,0,1,0,1
ticket-service,ec.edu.uteq.soporte.ticketservice.domain,Ticket.TicketBuilder,43,112,0,0,0,1,1,17,1,17
ticket-service,ec.edu.uteq.soporte.ticketservice.domain,Category,0,33,0,0,0,6,0,1,0,1
ticket-service,ec.edu.uteq.soporte.ticketservice.domain,Zone,0,21,0,0,0,4,0,1,0,1
ticket-service,ec.edu.uteq.soporte.ticketservice.domain,Incidencia,22,45,0,0,1,8,5,9,5,9
ticket-service,ec.edu.uteq.soporte.ticketservice.domain,Ticket,15,145,0,0,1,18,4,29,4,29
ticket-service,ec.edu.uteq.soporte.ticketservice.domain,TicketStatus,0,39,0,0,0,7,0,1,0,1
ticket-service,ec.edu.uteq.soporte.ticketservice.domain,TicketId,123,3,22,0,4,1,20,1,9,1
ticket-service,ec.edu.uteq.soporte.ticketservice,TicketServiceApplication,5,3,0,0,2,1,1,1,1,1
ticket-service,ec.edu.uteq.soporte.ticketservice.infrastructure.messaging,KafkaEventPublisherAdapter,0,34,0,0,0,10,0,3,0,3
ticket-service,ec.edu.uteq.soporte.ticketservice.infrastructure.messaging,EscalationEventPublisherObserver,0,25,0,0,0,7,0,2,0,2
ticket-service,ec.edu.uteq.soporte.ticketservice.infrastructure.messaging,TechnicianSyncListener,0,68,0,0,0,18,0,4,0,4
ticket-service,ec.edu.uteq.soporte.ticketservice.infrastructure.messaging,TicketClassificationListener,0,115,1,9,0,32,1,9,0,5
ticket-service,ec.edu.uteq.soporte.ticketservice.application.command,AssignTechnicianCommand,0,15,0,0,0,1,0,1,0,1
ticket-service,ec.edu.uteq.soporte.ticketservice.application.command,CreateTicketHandler,0,80,0,0,0,20,0,4,0,4
ticket-service,ec.edu.uteq.soporte.ticketservice.application.command,UpdateTicketStatusCommand,0,24,0,0,0,1,0,1,0,1
ticket-service,ec.edu.uteq.soporte.ticketservice.application.command,AssignTechnicianHandler,0,77,0,0,0,18,0,4,0,4
ticket-service,ec.edu.uteq.soporte.ticketservice.application.command,UpdateTicketStatusHandler,0,147,2,20,0,36,2,13,0,4
ticket-service,ec.edu.uteq.soporte.ticketservice.application.command,CreateTicketCommand,0,24,0,0,0,1,0,1,0,1
ticket-service,ec.edu.uteq.soporte.ticketservice.application.correlation,CorrelationService,0,73,0,2,0,19,0,4,0,3
ticket-service,ec.edu.uteq.soporte.ticketservice.domain.factory,TicketFactory,0,32,0,0,0,14,0,2,0,2
ticket-service,ec.edu.uteq.soporte.ticketservice.infrastructure.persistence,IncidenciaRepositoryAdapter,0,71,0,2,0,11,0,6,0,5
ticket-service,ec.edu.uteq.soporte.ticketservice.infrastructure.persistence,IncidenciaJpaEntity.IncidenciaJpaEntityBuilder,16,52,0,2,0,1,1,8,1,7
ticket-service,ec.edu.uteq.soporte.ticketservice.infrastructure.persistence,TicketJpaEntity.TicketJpaEntityBuilder,43,112,0,0,0,1,1,17,1,17
ticket-service,ec.edu.uteq.soporte.ticketservice.infrastructure.persistence,TicketRepositoryAdapter,0,120,0,0,0,13,0,9,0,9
ticket-service,ec.edu.uteq.soporte.ticketservice.infrastructure.persistence,IncidenciaMapper,0,53,0,4,0,19,0,5,0,3
ticket-service,ec.edu.uteq.soporte.ticketservice.infrastructure.persistence,TicketJpaEntity,60,100,0,0,1,18,15,18,15,18
ticket-service,ec.edu.uteq.soporte.ticketservice.infrastructure.persistence,TechnicianJpaEntity,3,35,0,0,2,14,1,6,1,6
ticket-service,ec.edu.uteq.soporte.ticketservice.infrastructure.persistence,TicketMapper,0,107,0,4,0,39,0,5,0,3
ticket-service,ec.edu.uteq.soporte.ticketservice.infrastructure.persistence,IncidenciaJpaEntity,26,41,0,0,2,7,6,8,6,8
ticket-service,ec.edu.uteq.soporte.ticketservice.domain.event,TicketClassifiedEvent,0,15,0,0,0,1,0,1,0,1
ticket-service,ec.edu.uteq.soporte.ticketservice.domain.event,TicketCreatedEvent,0,18,0,0,0,1,0,1,0,1
ticket-service,ec.edu.uteq.soporte.ticketservice.domain.event,TicketAssignedEvent,0,12,0,0,0,1,0,1,0,1
ticket-service,ec.edu.uteq.soporte.ticketservice.domain.event,TechnicianCreatedEvent,0,12,0,0,0,1,0,1,0,1
ticket-service,ec.edu.uteq.soporte.ticketservice.domain.event,TicketStatusChangedEvent,0,15,0,0,0,1,0,1,0,1
ticket-service,ec.edu.uteq.soporte.ticketservice.domain.event,TicketEscalatedEvent,0,12,0,0,0,1,0,1,0,1
ticket-service,ec.edu.uteq.soporte.ticketservice.domain.escalation,EscalationChain,3,43,2,4,0,6,2,3,0,2
ticket-service,ec.edu.uteq.soporte.ticketservice.domain.escalation,EscalationHandler,0,27,0,4,0,7,0,5,0,3
ticket-service,ec.edu.uteq.soporte.ticketservice.domain.escalation,StaleCriticalEscalationHandler,2,30,3,5,1,7,3,4,0,3
ticket-service,ec.edu.uteq.soporte.ticketservice.domain.escalation,SlaBreachedEscalationHandler,0,29,1,5,0,8,1,5,0,3
ticket-service,ec.edu.uteq.soporte.ticketservice.infrastructure.grpc,TelemetryGrpcClientAdapter,0,64,0,0,0,16,0,5,0,5
ticket-service,ec.edu.uteq.soporte.ticketservice.domain.policy,DefaultSlaPolicy,0,9,0,0,0,3,0,3,0,3
ticket-service,ec.edu.uteq.soporte.ticketservice.domain.policy,ClassifiedSlaPolicy,0,25,0,0,0,7,0,3,0,3
